<?xml version="1.0" encoding="UTF-8" standalone="no"?>

<business_rule_extensions_xml><fieldList><className>d_customer_maint_address_503</className><fieldTitle></fieldTitle><fieldName>mail_city</fieldName><fieldAlias></fieldAlias><fieldValue></fieldValue><modifiedFlag>N</modifiedFlag><readOnly>N</readOnly><rowID>1</rowID><dataType>char(50)</dataType><triggerField>N</triggerField><triggerRow>Y</triggerRow><fieldOriginalValue></fieldOriginalValue><updateSequence>0</updateSequence><setFocus>N</setFocus><baseClassName>d_customer_maint_address</baseClassName></fieldList><fieldList><className>d_customer_maint_address_503</className><fieldTitle></fieldTitle><fieldName>mail_postal_code</fieldName><fieldAlias></fieldAlias><fieldValue>31008</fieldValue><modifiedFlag>N</modifiedFlag><readOnly>N</readOnly><rowID>1</rowID><dataType>char(10)</dataType><triggerField>Y</triggerField><triggerRow>Y</triggerRow><fieldOriginalValue>31204</fieldOriginalValue><updateSequence>0</updateSequence><setFocus>N</setFocus><baseClassName>d_customer_maint_address</baseClassName></fieldList><fieldList><className>d_customer_maint_address_503</className><fieldTitle></fieldTitle><fieldName>mail_state</fieldName><fieldAlias></fieldAlias><fieldValue></fieldValue><modifiedFlag>N</modifiedFlag><readOnly>N</readOnly><rowID>1</rowID><dataType>char(50)</dataType><triggerField>N</triggerField><triggerRow>Y</triggerRow><fieldOriginalValue></fieldOriginalValue><updateSequence>0</updateSequence><setFocus>N</setFocus><baseClassName>d_customer_maint_address</baseClassName></fieldList><fieldList><className>global</className><fieldTitle>Logged in Database</fieldTitle><fieldName>global_database</fieldName><fieldAlias></fieldAlias><fieldValue>giga_test</fieldValue><modifiedFlag>N</modifiedFlag><readOnly>Y</readOnly><rowID>0</rowID><dataType></dataType><triggerField>N</triggerField><triggerRow>N</triggerRow><fieldOriginalValue></fieldOriginalValue><updateSequence>0</updateSequence><setFocus>N</setFocus><baseClassName></baseClassName></fieldList><fieldList><className>global</className><fieldTitle>User Language</fieldTitle><fieldName>global_language</fieldName><fieldAlias></fieldAlias><fieldValue>US English</fieldValue><modifiedFlag>N</modifiedFlag><readOnly>Y</readOnly><rowID>0</rowID><dataType></dataType><triggerField>N</triggerField><triggerRow>N</triggerRow><fieldOriginalValue></fieldOriginalValue><updateSequence>0</updateSequence><setFocus>N</setFocus><baseClassName></baseClassName></fieldList><fieldList><className>global</className><fieldTitle>Logged in Server</fieldTitle><fieldName>global_server</fieldName><fieldAlias></fieldAlias><fieldValue>giga-p21sql</fieldValue><modifiedFlag>N</modifiedFlag><readOnly>Y</readOnly><rowID>0</rowID><dataType></dataType><triggerField>N</triggerField><triggerRow>N</triggerRow><fieldOriginalValue></fieldOriginalValue><updateSequence>0</updateSequence><setFocus>N</setFocus><baseClassName></baseClassName></fieldList><fieldList><className>global</className><fieldTitle>Logged in User</fieldTitle><fieldName>global_user_id</fieldName><fieldAlias></fieldAlias><fieldValue>pshannon</fieldValue><modifiedFlag>N</modifiedFlag><readOnly>Y</readOnly><rowID>0</rowID><dataType></dataType><triggerField>N</triggerField><triggerRow>N</triggerRow><fieldOriginalValue></fieldOriginalValue><updateSequence>0</updateSequence><setFocus>N</setFocus><baseClassName></baseClassName></fieldList><fieldList><className>global</className><fieldTitle>Logged in Version</fieldTitle><fieldName>global_version</fieldName><fieldAlias></fieldAlias><fieldValue>12.15.1865</fieldValue><modifiedFlag>N</modifiedFlag><readOnly>Y</readOnly><rowID>0</rowID><dataType></dataType><triggerField>N</triggerField><triggerRow>N</triggerRow><fieldOriginalValue></fieldOriginalValue><updateSequence>0</updateSequence><setFocus>N</setFocus><baseClassName></baseClassName></fieldList><fieldList><className>global</className><fieldTitle>Multi-row XML</fieldTitle><fieldName>multirow</fieldName><fieldAlias></fieldAlias><fieldValue>N</fieldValue><modifiedFlag>N</modifiedFlag><readOnly>Y</readOnly><rowID>0</rowID><dataType></dataType><triggerField>N</triggerField><triggerRow>N</triggerRow><fieldOriginalValue></fieldOriginalValue><updateSequence>0</updateSequence><setFocus>N</setFocus><baseClassName></baseClassName></fieldList></business_rule_extensions_xml>